{
  "description": "项目配置文件。",
  "packOptions": {
    "ignore": []
  },
  "setting": {
    "urlCheck": true,
    "es6": true
  },
  "compileType": "miniprogram",
  "libVersion": "2.7.0",
  "appid": "123",
  "projectname": "万能建站",
  "condition": {
    "search": {
      "current": -1,
      "list": []
    },
    "conversation": {
      "current": -1,
      "list": []
    },
    "game": {
      "current": -1,
      "list": []
    },
    "miniprogram": {
      "current": -1,
      "list": []
    }
  }
}